id,name,current_party,current_district,current_chamber,given_name,family_name,gender,email,biography,birth_date,death_date,image,links,sources,capitol_address,capitol_voice,capitol_fax,district_address,district_voice,district_fax,twitter,youtube,instagram,facebook,wikidata
ocd-person/295965df-6c71-4e11-806f-2b7d5be5d45c,Aisha Wahab,Democratic,10,upper,Aisha,Wahab,Female,senator.wahab@senate.ca.gov,,,,https://www.senate.ca.gov/sites/senate.ca.gov/files/senator_photos/wahab_aisha_d-10_-_crop.jpg,https://sd10.senate.ca.gov/;https://senate.ca.gov/sd10,https://ballotpedia.org/Aisha_Wahab;https://en.wikipedia.org/wiki/Aisha_Wahab;https://justfacts.votesmart.org/candidate/biography/198411/aisha-wahab;https://sd10.senate.ca.gov;https://sd10.senate.ca.gov/biography;https://www.linkedin.com/in/aishabbwahab;https://www.senate.ca.gov/senators,,,,"39510 Paseo Padre Parkway Suite 280, Fremont, CA 94538",510-794-3900,,,,,,
ocd-person/6c2a35d5-c04c-44d0-8bd9-92a625e2b525,Akilah Weber Pierson,Democratic,39,upper,Akilah,Weber Pierson,Female,senator.weber@senate.ca.gov,,1978-07-02,,https://www.assembly.ca.gov/sites/assembly.ca.gov/files/memberphotos/ad-79_weber_a._005_resized.jpg,https://a79.asmdc.org/;https://sd39.senate.ca.gov/,https://a79.asmdc.org;https://a79.asmdc.org/;https://ballotpedia.org/Akilah_Weber;https://en.wikipedia.org/wiki/Akilah_Weber;https://justfacts.votesmart.org/candidate/biography/195832/akilah-weber;https://sd39.senate.ca.gov;https://sd39.senate.ca.gov/biography;https://www.assembly.ca.gov/assemblymembers;https://www.linkedin.com/in/akilah-weber-3164404,,,,"7575 Metropolitan Drive Suite 100, San Diego, CA 92108",619-688-6700,,,,,,
ocd-person/78610d0e-c790-4fc9-ab8e-0887adbbe063,Al Muratsuchi,Democratic,66,lower,Al,Muratsuchi,Male,assemblymember.muratsuchi@assembly.ca.gov,,1964-09-04,,https://www.assembly.ca.gov/sites/assembly.ca.gov/files/memberphotos/ad66.jpg,https://a66.asmdc.org/,https://a66.asmdc.org;https://assembly.ca.gov/assemblymembers;https://ballotpedia.org/Al_Muratsuchi;https://en.wikipedia.org/wiki/Al_Muratsuchi;https://justfacts.votesmart.org/candidate/biography/138450/al-muratsuchi;https://www.assembly.ca.gov/assemblymembers;https://www.linkedin.com/in/al-muratsuchi-ab916a7,,,,"3424 W. Carson St. Suite 450, Torrance, CA 90503",310-375-0691,,,,,,
ocd-person/5d0057a2-e04d-44ca-b1d5-fc55e113351a,Alex Lee,Democratic,24,lower,Alex,Lee,Male,alex.lee@asm.ca.gov,,1995-07-11,,https://www.assembly.ca.gov/sites/assembly.ca.gov/files/memberphotos/lee-025.jpg,https://a24.asmdc.org/;https://a25.asmdc.org/,https://a24.asmdc.org;https://assembly.ca.gov/assemblymembers;https://ballotpedia.org/Alex_Lee;https://en.wikipedia.org/wiki/Alex_Lee_(politician);https://www.assembly.ca.gov/assemblymembers;https://www.linkedin.com/in/votealexlee,,,,"1313 N. Milpitas Blvd. Suite 255, Milpitas, CA 95035",408-262-2501,,,,,,
ocd-person/eb9c8103-ac9d-4342-9d95-5086d867a9bd,Ali Macedo,Republican,33,lower,Ali,Macedo,Female,assemblymember.macedo@assembly.ca.gov,,,,https://www.joincalifornia.com/candidate_pic.php?id=15000,https://ad33.asmrc.org/;https://www.assembly.ca.gov/assemblymembers/33,https://ad33.asmrc.org;https://ballotpedia.org/Alexandra_Macedo;https://en.wikipedia.org/wiki/Alexandra_Macedo;https://justfacts.votesmart.org/candidate/213228/alexandra-macedo;https://www.assembly.ca.gov/assemblymembers/33,,,,"100 W. Willow Plaza Suite 405, Visalia, CA 93291",559-636-3440,,,,,,
ocd-person/c3921173-9680-4387-a70e-ebba5c599846,Anamarie Avila Farias,Democratic,15,lower,Anamarie,Avila Farias,Female,assemblymember.avilafarias@assembly.ca.gov,,,,https://s3.amazonaws.com/ballotpedia-api4/files/thumbs/200/300/Anamarie_Avila_Farias_20240905_034457.jpg,https://a15.asmdc.org/;https://www.assembly.ca.gov/assemblymembers/15,https://a15.asmdc.org;https://ballotpedia.org/Anamarie_Avila_Farias;https://en.wikipedia.org/wiki/Anamarie_Avila_Farias;https://justfacts.votesmart.org/candidate/146377/anamarie-avila-farias;https://www.assembly.ca.gov/assemblymembers/15,,,,"2151 Salvio St. Suite P, Concord, CA 94520",925-521-1511,,,,,,
ocd-person/564f2203-7cae-4a40-bc93-5c05a935b98f,Angelique Ashby,Democratic,8,upper,Angelique,Ashby,Female,senator.ashby@senate.ca.gov,,1975-03-20,,https://www.senate.ca.gov/sites/senate.ca.gov/files/senator_photos/ashby_angelique_d-08.jpg,https://sd08.senate.ca.gov/;https://senate.ca.gov/sd08,https://ballotpedia.org/Angelique_Ashby;https://en.wikipedia.org/wiki/Angelique_Ashby;https://justfacts.votesmart.org/candidate/biography/129642/angelique-ashby;https://sd08.senate.ca.gov;https://www.angeliqueashby.com;https://www.linkedin.com/in/angeliqueashby;https://www.senate.ca.gov/senators,,,,"Room 568, 1020 N. St., Sacramento, CA 95814",916-651-1529,,,,,,
ocd-person/fe462917-df55-4a43-9fd8-970541544ca6,Anna Caballero,Democratic,14,upper,Anna,Caballero,Female,senator.caballero@senate.ca.gov,,1955-04-18,,https://www.senate.ca.gov/sites/senate.ca.gov/files/senator_photos/2016-ad30_annacaballero.jpg,https://sd14.senate.ca.gov/;https://senate.ca.gov/sd12,https://ballotpedia.org/Anna_Caballero;https://en.wikipedia.org/wiki/Anna_Caballero;https://justfacts.votesmart.org/candidate/biography/58583/anna-caballero;https://sd14.senate.ca.gov;https://sd14.senate.ca.gov/biography;https://senate.ca.gov/senators;https://www.senate.ca.gov/senators,,,,"510 W. Main St. Suite E, Merced, CA 95340",209-726-5495,,,,,,
ocd-person/820619fd-d053-4915-b099-1d134a880228,Ash Kalra,Democratic,25,lower,Ash,Kalra,Male,assemblymember.kalra@assembly.ca.gov,,1972-01-21,,https://www.assembly.ca.gov/sites/assembly.ca.gov/files/memberphotos/ad27_karla_roster150_20161205.jpg,https://a25.asmdc.org/;https://a27.asmdc.org/,https://a25.asmdc.org;https://assembly.ca.gov/assemblymembers;https://ballotpedia.org/Ash_Kalra;https://en.wikipedia.org/wiki/Ash_Kalra;https://justfacts.votesmart.org/candidate/biography/112088/ash-kalra;https://www.assembly.ca.gov/assemblymembers;https://www.linkedin.com/in/ash-kalra-2b874b3,,,,"111 W. Saint John St. Suite 1150, San Jose, CA 95113",408-286-2535,,,,,,
ocd-person/87062971-b583-4983-8ac5-4af98bef354d,Avelino Valencia,Democratic,68,lower,Avelino,Valencia,Male,assemblymember.valencia@assembly.ca.gov,,1988-11-12,,https://www.assembly.ca.gov/sites/assembly.ca.gov/files/memberphotos/valencia_518_11-30-22_resized.jpg,https://a68.asmdc.org/,https://a68.asmdc.org;https://a68.asmdc.org/biography;https://ballotpedia.org/Avelino_Valencia;https://en.wikipedia.org/wiki/Avelino_Valencia;https://justfacts.votesmart.org/candidate/biography/196582/avelino-valencia;https://www.assembly.ca.gov/assemblymembers;https://www.linkedin.com/in/avelino-valencia-70395b62,,,,"2400 E. Katella Ave. Suite 640, Anaheim, CA 92806",714-939-8469,,,,,,
ocd-person/e725b91e-1f7f-4510-a9cc-0b9a39d283c3,Ben Allen,Democratic,24,upper,Ben,Allen,Male,senator.allen@senate.ca.gov,,1978-03-13,,https://www.senate.ca.gov/sites/senate.ca.gov/files/senator_photos/allen_ben_d-26.jpg,https://sd24.senate.ca.gov/;https://senate.ca.gov/sd26,https://ballotpedia.org/Ben_Allen;https://en.wikipedia.org/wiki/Ben_Allen_(California_politician);https://sd24.senate.ca.gov;https://sd24.senate.ca.gov/biography;https://senate.ca.gov/senators;https://www.linkedin.com/in/ben-allen-47bb902;https://www.linkedin.com/in/ben-allen-79547113b;https://www.senate.ca.gov/senators,,,,"111 Penn St. Suite 101, El Segundo, CA 90245",310-414-8190,,,,,,
ocd-person/82cbb6e9-8486-44ec-8450-86d1e700f828,Blanca Rubio,Democratic,48,lower,Blanca,Rubio,Female,assemblymember.rubio@assembly.ca.gov,,1969-09-15,,https://www.assembly.ca.gov/sites/assembly.ca.gov/files/memberphotos/rubio.jpg,https://a48.asmdc.org;https://a48.asmdc.org/,https://a48.asmdc.org;https://assembly.ca.gov/assemblymembers;https://ballotpedia.org/Blanca_Rubio;https://en.wikipedia.org/wiki/Blanca_Rubio;https://justfacts.votesmart.org/candidate/biography/169399/blanca-rubio;https://www.assembly.ca.gov/assemblymembers;https://www.linkedin.com/in/blanca-rubio-california-state-assembly-74365a65,,,,"100 N. Barranca St. Suite 895, West Covina, CA 91791",626-960-4457,,,,,,
ocd-person/f2ba8154-6bf3-4e5e-af05-9412e2a189f2,Blanca Pacheco,Democratic,64,lower,Blanca,Pacheco,Female,assemblymember.pacheco@assembly.ca.gov,,1974-04-17,,https://www.assembly.ca.gov/sites/assembly.ca.gov/files/memberphotos/pachecho_007_11-30-22_resized.jpg,https://a64.asmdc.org/,https://a64.asmdc.org;https://a64.asmdc.org/biography;https://ballotpedia.org/Blanca_Pacheco;https://en.wikipedia.org/wiki/Blanca_Pacheco;https://justfacts.votesmart.org/candidate/biography/198033/blanca-pacheco;https://www.assembly.ca.gov/assemblymembers;https://www.linkedin.com/in/blanca-pacheco,,,,"8255 Firestone Blvd. Suite 203, Downey, CA 90241",562-861-5803,,,,,,
ocd-person/a76028df-5730-47b0-b617-1565621def41,Bob Archuleta,Democratic,30,upper,Bob,Archuleta,Male,senator.archuleta@senate.ca.gov,,1945-06-01,,https://www.senate.ca.gov/sites/senate.ca.gov/files/senator_photos/archuleta_bob.jpg,https://sd30.senate.ca.gov/;https://senate.ca.gov/sd30;https://senate.ca.gov/sd32,https://ballotpedia.org/Bob_Archuleta;https://en.wikipedia.org/wiki/Bob_Archuleta;https://justfacts.votesmart.org/candidate/biography/71279/bob-archuleta;https://sd30.senate.ca.gov;https://sd30.senate.ca.gov/biography;https://senate.ca.gov/senators;https://www.senate.ca.gov/senators,,,,"12501 Imperial Highway Suite 110, Norwalk, CA 90650",562-406-1001,,,,,,
ocd-person/ea5c3b3d-bbad-41f6-a912-69f60f1553a4,Brian Jones,Republican,40,upper,Brian,Jones,Male,senator.jones@senate.ca.gov,,1968-08-09,,https://www.senate.ca.gov/sites/senate.ca.gov/files/senator_photos/brian_jones_headshot_blue.jpg,https://senate.ca.gov/sd38;https://senate.ca.gov/sd40;https://sr40.senate.ca.gov/,https://ballotpedia.org/Brian_Jones_(California);https://en.wikipedia.org/wiki/Brian_Jones_(California_politician);https://justfacts.votesmart.org/candidate/biography/70781/brian-jones;https://senate.ca.gov/senators;https://sr40.senate.ca.gov;https://www.linkedin.com/in/brian-jones-bb3365b;https://www.senate.ca.gov/senators,,,,"720 N. Broadway Suite 110, Escondido, CA 92025",760-796-4655,,,,,,
ocd-person/8230907e-9ae3-4ae9-b52a-c8464a157f64,Buffy Wicks,Democratic,14,lower,Buffy,Wicks,Female,assemblymember.wicks@assembly.ca.gov,,1977-08-10,,https://www.assembly.ca.gov/sites/assembly.ca.gov/files/memberphotos/a15_b_wicks.jpg,https://a14.asmdc.org;https://a14.asmdc.org/;https://a15.asmdc.org,https://a14.asmdc.org;https://assembly.ca.gov/assemblymembers;https://ballotpedia.org/Buffy_Wicks;https://en.wikipedia.org/wiki/Buffy_Wicks;https://www.assembly.ca.gov/assemblymembers;https://www.linkedin.com/in/buffy-wicks-036890bb,,,,"1515 Clay St. Suite 2201, Oakland, CA 94612",510-286-1400,,,,,,
ocd-person/053d119b-847e-43bf-9a22-18b5f309067f,Carl DeMaio,Republican,75,lower,Carl,DeMaio,Male,assemblymember.demaio@assembly.ca.gov,,1974-09-14,,https://storage.googleapis.com/enview-dev-public-general/legislative-people-photos/159263.jpg,https://ad75.asmrc.org/;https://www.assembly.ca.gov/assemblymembers/75,https://ad75.asmrc.org;https://ballotpedia.org/Carl_DeMaio;https://en.wikipedia.org/wiki/Carl_DeMaio;https://www.assembly.ca.gov/assemblymembers/75;https://www.linkedin.com/in/carl-demaio-66361553;https://www.linkedin.com/in/carldemaio,,,,"9820 Willow Creek Road Suite 240, San Diego, CA 92131",858-566-7538,,,,,,
ocd-person/b19c0361-ca41-4cba-bcf4-b7342a67f28b,Caroline Menjivar,Democratic,20,upper,Caroline,Menjivar,Female,senator.menjivar@senate.ca.gov,,,,https://www.senate.ca.gov/sites/senate.ca.gov/files/senator_photos/menjivar_caroline_d-20.jpg,https://sd20.senate.ca.gov/;https://senate.ca.gov/sd20,https://ballotpedia.org/Caroline_Menjivar;https://en.wikipedia.org/wiki/Caroline_Menjivar;https://sd20.senate.ca.gov;https://sd20.senate.ca.gov/biography;https://www.linkedin.com/in/menjivarc;https://www.senate.ca.gov/senators,,,,"6150 Van Nuys Blvd. Suite 400, Van Nuys, CA 91401",818-901-5588,,,,,,
ocd-person/39e3ce0f-c2e2-4480-9e99-76e1e62f366d,Catherine Blakespear,Democratic,38,upper,Catherine,Blakespear,Female,senator.blakespear@senate.ca.gov,,1976-02-29,,https://www.senate.ca.gov/sites/senate.ca.gov/files/senator_photos/blakespear_catherine_d-38.jpg,https://sd38.senate.ca.gov/;https://senate.ca.gov/sd38,https://ballotpedia.org/Catherine_Blakespear;https://en.wikipedia.org/wiki/Catherine_Blakespear;https://justfacts.votesmart.org/candidate/biography/157195/catherine-blakespear;https://sd38.senate.ca.gov;https://sd38.senate.ca.gov/biography;https://www.linkedin.com/in/catherine-blakespear-6549a24;https://www.senate.ca.gov/senators,,,,"24031 El Toro Road Suite 201A, Laguna Hills, CA 92653",949-598-5850,,,,,,
ocd-person/3864202e-3b40-430e-a218-cfe56d83cee5,Catherine Stefani,Democratic,19,lower,Catherine,Stefani,Female,assemblymember.stefani@assembly.ca.gov,,,,https://sfbos.org/sites/default/files/Roster_frame_stefani_0.jpg,https://a19.asmdc.org/;https://sfbos.org/supervisor-stefani-district-2;https://www.assembly.ca.gov/assemblymembers/19,https://a19.asmdc.org;https://ballotpedia.org/Catherine_Stefani;https://en.wikipedia.org/wiki/Catherine_Stefani;https://sfbos.org/supervisor-stefani-district-2;https://sfbos.org/supervisor-stefani-overview;https://www.assembly.ca.gov/assemblymembers/19;https://www.linkedin.com/in/catherine-stefani-64969b20,,,,"455 Golden Gate Ave. Suite 14600, San Francisco, CA 94102",415-557-2312,,,,,,
ocd-person/434bcfb4-1279-40cc-916b-f89af5805a9c,Cecilia Aguiar-Curry,Democratic,4,lower,Cecilia,Aguiar-Curry,Female,assemblymember.aguiar-curry@assembly.ca.gov,,1954-09-25,,https://www.assembly.ca.gov/sites/assembly.ca.gov/files/memberphotos/ad-04_aguiar-curry_c18_resized.jpg,https://a04.asmdc.org/;https://www.assembly.ca.gov/assemblymembers/04,https://a04.asmdc.org;https://a04.asmdc.org/biography;https://assembly.ca.gov/assemblymembers;https://ballotpedia.org/Cecilia_Aguiar-Curry;https://en.wikipedia.org/wiki/Cecilia_Aguiar-Curry;https://justfacts.votesmart.org/candidate/biography/169297/cecilia-aguiar-curry;https://www.assembly.ca.gov/assemblymembers;https://www.assembly.ca.gov/assemblymembers/04;https://www.linkedin.com/in/cecilia-aguiar-curry-9810b526,,,,"600 A St. Suite D, Davis, CA 95616",530-757-1034,,,,,,
ocd-person/1dbf574d-4c03-40ce-8c30-a6727c4bd5ab,Celeste Rodriguez,Democratic,43,lower,Celeste,Rodriguez,Female,assemblymember.celesterodriguez@assembly.ca.gov,,,,https://ci.san-fernando.ca.us/wp-content/uploads/2021/07/Rodriguez-Celeste-2021-267x300.png,https://a43.asmdc.org/;https://www.assembly.ca.gov/assemblymembers/43,https://a43.asmdc.org;https://ballotpedia.org/Celeste_Rodriguez;https://en.wikipedia.org/wiki/Celeste_Rodriguez;https://www.assembly.ca.gov/assemblymembers/43;https://www.linkedin.com/in/celeste-t-rodriguez,,,,"9300 Laurel Canyon Blvd. First Floor, Arleta, CA 91331",818-504-3911,,,,,,
ocd-person/84a80bdb-37d5-4f52-8f55-e116fb97ca58,Chris Rogers,Democratic,2,lower,Chris,Rogers,Male,assemblymember.rogers@assembly.ca.gov,,1987-09-16,,https://encrypted-tbn0.gstatic.com/images?q=tbn:ANd9GcRsvc9FWYBOubY6iEQhH0tArBAvSS_ZMhoOGw&s,https://a02.asmdc.org/;https://www.assembly.ca.gov/assemblymembers/02,https://a02.asmdc.org;https://ballotpedia.org/Chris_Rogers_(California);https://en.wikipedia.org/wiki/Chris_Rogers_(politician);https://www.assembly.ca.gov/assemblymembers/02;https://www.linkedin.com/in/chrisrogersforassembly,,,,"50 D St. Suite 450, Santa Rosa, CA 95404",707-576-2526,,,,,,
ocd-person/8833976f-b95a-45bf-bbd9-ccdb66946d20,Christopher Cabaldon,Democratic,3,upper,Christopher,Cabaldon,Male,senator.cabaldon@senate.ca.gov,,1965-11-12,,https://calearninglab.org/wp-content/uploads/2024/09/Emcee-Christopher-Cabaldon-488x559.png,https://sd03.senate.ca.gov/,https://ballotpedia.org/Christopher_Cabaldon;https://en.wikipedia.org/wiki/Christopher_Cabaldon;https://sd03.senate.ca.gov;https://www.linkedin.com/in/christophercabaldon,,,,"555 Mason St. Suite 275, Vacaville, CA 95688",707-454-3808,,,,,,
ocd-person/71590420-10d6-4deb-8d59-453256d625b6,Chris Ward,Democratic,78,lower,Chris,Ward,Male,assemblymember.ward@assembly.ca.gov,,1976-08-03,,https://www.assembly.ca.gov/sites/assembly.ca.gov/files/memberphotos/ward-006.jpg,https://a78.asmdc.org/,https://a78.asmdc.org;https://assembly.ca.gov/assemblymembers;https://ballotpedia.org/Christopher_Ward_(California);https://en.wikipedia.org/wiki/Chris_Ward_(American_politician);https://justfacts.votesmart.org/candidate/176914/chris-ward;https://www.assembly.ca.gov/assemblymembers;https://www.linkedin.com/in/harward,,,,"2700 Adams Ave. Suite 102, San Diego, CA 92116",619-280-7801,,,,,,
ocd-person/e351eaa3-8aa1-4f26-a8ff-2a260a0ad383,Corey Jackson,Democratic,60,lower,Corey,Jackson,Male,assemblymember.jackson@assembly.ca.gov,,,,https://www.assembly.ca.gov/sites/assembly.ca.gov/files/memberphotos/jackson_027_11-30-22_resized.jpg,https://a60.asmdc.org/,https://a60.asmdc.org;https://ballotpedia.org/Corey_Jackson;https://en.wikipedia.org/wiki/Corey_Jackson_(politician);https://justfacts.votesmart.org/candidate/biography/205321/corey-jackson;https://lcmspubcontact.lc.ca.gov/PublicLCMS/ContactPopup.php?district=AD60&inframe=N;https://www.assembly.ca.gov/assemblymembers;https://www.linkedin.com/in/corey-jackson-msw-a250496,,,,"22690 Cactus Ave. Suite 280, Moreno Valley, CA 92553",951-653-0960,,,,,,
ocd-person/c766abf8-06ca-4a98-9665-82b87149ca96,Cottie Petrie-Norris,Democratic,73,lower,Cottie,Petrie-Norris,Female,assemblymember.petrie-norris@assembly.ca.gov,,1975-08-07,,https://www.assembly.ca.gov/sites/assembly.ca.gov/files/memberphotos/a74_c_p_norris.jpg,https://a73.asmdc.org/;https://a74.asmdc.org/,https://a73.asmdc.org;https://a73.asmdc.org/biography;https://assembly.ca.gov/assemblymembers;https://ballotpedia.org/Cottie_Petrie-Norris;https://en.wikipedia.org/wiki/Cottie_Petrie-Norris;https://justfacts.votesmart.org/candidate/biography/180141/cottie-petrie-norris;https://www.assembly.ca.gov/assemblymembers;https://www.linkedin.com/in/cottie-petrie-norris-9b1619,,,,"19712 MacArthur Blvd. Suite 150, Irvine, CA 92612",949-251-0074,,,,,,
ocd-person/32e06e60-77ac-4c5e-af1e-2110b602dc97,Damon Connolly,Democratic,12,lower,Damon,Connolly,Male,assemblymember.connolly@assembly.ca.gov,,1963-06-19,,https://www.assembly.ca.gov/sites/assembly.ca.gov/files/memberphotos/connolly_509_11-30-22_resized.jpg,https://a12.asmdc.org/,https://a12.asmdc.org;https://a12.asmdc.org/biography;https://ballotpedia.org/Damon_Connolly;https://en.wikipedia.org/wiki/Damon_Connolly;https://justfacts.votesmart.org/candidate/biography/59851/damon-connolly;https://www.assembly.ca.gov/assemblymembers;https://www.linkedin.com/in/damon-connolly-7093588,,,,"Room 412, 3501 Civic Center Drive, San Rafael, CA 94903",415-479-4920,,,,,,
ocd-person/86218623-ea63-4b2a-ab5c-7694e3f4a18a,Darsh Patel,Democratic,76,lower,Darsh,Patel,Female,assemblymember.patel@assembly.ca.gov,,,,https://s3.amazonaws.com/ballotpedia-api4/files/thumbs/200/300/Darshana_Patel.jpg,https://a76.asmdc.org/;https://www.assembly.ca.gov/assemblymembers/76,https://a76.asmdc.org;https://ballotpedia.org/Darshana_Patel;https://www.assembly.ca.gov/assemblymembers/76;https://www.linkedin.com/in/darshanapatelphd,,,,"12396 World Trade Drive Suite 118, San Diego, CA 92128",858-675-0760,,,,,,
ocd-person/0fa65d2c-6020-4586-a6f1-5dfd41db38ff,Dave Cortese,Democratic,15,upper,Dave,Cortese,Male,senator.cortese@senate.ca.gov,,1956-06-03,,https://www.senate.ca.gov/sites/senate.ca.gov/files/senator_photos/sd15_cortese_0.jpg,https://sd15.senate.ca.gov/;https://senate.ca.gov/sd15,https://ballotpedia.org/Dave_Cortese_(California);https://en.wikipedia.org/wiki/Dave_Cortese;https://justfacts.votesmart.org/candidate/biography/114701/dave-cortese;https://sd15.senate.ca.gov;https://senate.ca.gov/senators;https://www.linkedin.com/in/dave-cortese-a5874a4;https://www.senate.ca.gov/senators,,,,"1155 Meridian Ave. Suite 100, San Jose, CA 95125",408-723-4154,,,,,,
ocd-person/52f6ccc1-eb4a-4c09-8614-5e4022395605,David Alvarez,Democratic,80,lower,David,Alvarez,Male,assemblymember.alvarez@assembly.ca.gov,,1980-07-27,,https://www.assembly.ca.gov/sites/assembly.ca.gov/files/memberphotos/ad80_alvarez_008_06-16-22.jpg,https://a80.asmdc.org/,https://a80.asmdc.org;https://a80.asmdc.org/about/biography;https://ballotpedia.org/David_Alvarez_(California);https://en.wikipedia.org/wiki/David_Alvarez_(politician);https://www.assembly.ca.gov/assemblymembers;https://www.linkedin.com/in/alvarezsd,,,,"276 Church Ave. Suite D, Chula Vista, CA 91910",619-498-8580,,,,,,
ocd-person/748ce69c-a2bc-41a7-95e2-b09fba6e5ecd,David Tangipa,Republican,8,lower,David,Tangipa,Male,assemblymember.tangipa@assembly.ca.gov,,,,https://youngamericans.berkeley.edu/wp-content/uploads/2024/04/David-Tangipa-1024x1024.jpg,https://ad08.asmrc.org/;https://www.assembly.ca.gov/assemblymembers/08,https://ad08.asmrc.org;https://ballotpedia.org/David_Tangipa;https://en.wikipedia.org/wiki/David_Tangipa;https://justfacts.votesmart.org/candidate/213160/david-tangipa;https://www.assembly.ca.gov/assemblymembers/08;https://www.linkedin.com/in/david-tangipa-819877b2,,,,"6245 N. Fresno St. Suite 106, Fresno, CA 93710",559-446-2029,,,,,,
ocd-person/eddfcfb5-2d07-4e5b-81a0-88e5703dc0bb,Dawn Addis,Democratic,30,lower,Dawn,Addis,Female,dawn.addis@asm.ca.gov,,1972-07-12,,https://www.assembly.ca.gov/sites/assembly.ca.gov/files/memberphotos/addis_003_11-30-22_resized.jpg,https://a30.asmdc.org/,https://a30.asmdc.org;https://a30.asmdc.org/biography;https://ballotpedia.org/Dawn_Addis;https://dawnaddis.org/about;https://en.wikipedia.org/wiki/Dawn_Addis;https://justfacts.votesmart.org/candidate/biography/188800/dawn-addis;https://www.assembly.ca.gov/assemblymembers;https://www.linkedin.com/in/dawn-addis,,,,"99 Pacific St. Suite 575G, Monterey, CA 93940",831-649-2832,,,,,,
ocd-person/0c4e1b43-c3d7-4a13-87c4-92e29903cb73,Diane Dixon,Republican,72,lower,Diane,Dixon,Female,assemblymember.dixon@assembly.ca.gov,,,,https://www.assembly.ca.gov/sites/assembly.ca.gov/files/memberphotos/dixon_a25i1340_resized.png,https://ad72.asmrc.org;https://ad72.asmrc.org/,https://ad72.asmrc.org;https://ad72.asmrc.org/biography;https://ballotpedia.org/Diane_Dixon;https://www.assembly.ca.gov/assemblymembers;https://www.linkedin.com/in/dianebrooksdixon,,,,"4100 MacArthur Blvd. Suite 340, Newport Beach, CA 92660",949-798-7221,,,,,,
ocd-person/20c72bef-f518-4677-bbcb-83c502c36ede,Diane Papan,Democratic,21,lower,Diane,Papan,Female,assemblymember.papan@assembly.ca.gov,,1963-08-22,,https://www.assembly.ca.gov/sites/assembly.ca.gov/files/memberphotos/papan_002_11-30-22_resized.jpg,https://a21.asmdc.org;https://a21.asmdc.org/,https://a21.asmdc.org;https://a21.asmdc.org/biography;https://ballotpedia.org/Diane_Papan;https://en.wikipedia.org/wiki/Diane_Papan;https://justfacts.votesmart.org/candidate/biography/172943/diane-papan;https://www.assembly.ca.gov/assemblymembers;https://www.linkedin.com/in/diane-papan-a15b0365,,,,"1528 S. El Camino Real Suite 302, San Mateo, CA 94402",650-349-2200,,,,,,
ocd-person/e2da0f08-1bd8-4ac2-95f1-002870238527,Joaquin Arambula,Democratic,31,lower,Joaquin,Arambula,Male,assemblymember.arambula@assembly.ca.gov,,1977-05-17,,https://www.assembly.ca.gov/sites/assembly.ca.gov/files/memberphotos/asm-arambula.jpg,https://a31.asmdc.org/,https://a31.asmdc.org;https://assembly.ca.gov/assemblymembers;https://ballotpedia.org/Joaquin_Arambula;https://en.wikipedia.org/wiki/Joaquin_Arambula;https://justfacts.votesmart.org/candidate/biography/169272/joaquin-arambula;https://www.assembly.ca.gov/assemblymembers,,,,"2550 Mariposa Mall Suite 5031, Fresno, CA 93721",559-445-5532,,,,,,
ocd-person/19f694d8-b409-40e5-9f87-d8e3e84afc7f,Eloise Reyes,Democratic,29,upper,Eloise,Reyes,Female,senator.reyes@senate.ca.gov,,1956-01-27,,https://www.assembly.ca.gov/sites/assembly.ca.gov/files/memberphotos/ad-50_reyes_e17_resized.jpg,https://a47.asmdc.org;https://a50.asmdc.org;https://a50.asmdc.org/;https://sd29.senate.ca.gov/,https://a50.asmdc.org;https://a50.asmdc.org/biography;https://assembly.ca.gov/assemblymembers;https://ballotpedia.org/Eloise_Reyes;https://en.wikipedia.org/wiki/Eloise_Reyes;https://justfacts.votesmart.org/candidate/biography/169395/eloise-reyes;https://sd29.senate.ca.gov;https://www.assembly.ca.gov/assemblymembers;https://www.linkedin.com/in/eloise-reyes-726759a,,,,"301 E. Vanderbilt Way Suite 400, San Bernardino, CA 92408",909-888-5360,,,,,,
ocd-person/d2a8e29a-5eac-4e2a-a686-d1bdb04927e7,Esmeralda Soria,Democratic,27,lower,Esmeralda,Soria,Female,assemblymember.soria@assembly.ca.gov,,,,https://www.assembly.ca.gov/sites/assembly.ca.gov/files/memberphotos/soria_025_edit_11-29-22_resized_0.jpg,https://a27.asmdc.org/,https://a27.asmdc.org;https://ballotpedia.org/Esmeralda_Soria;https://soriaforcalifornia.com/meet-the-candidate;https://www.assembly.ca.gov/assemblymembers;https://www.linkedin.com/in/esmeraldas1,,,,"512 W. 18th St. Suite 512, Merced, CA 95340",209-726-5465,,,,,,
ocd-person/2944d19a-c288-4f32-b6a0-72e35f48e570,Gail Pellerin,Democratic,28,lower,Gail,Pellerin,Female,assemblymember.pellerin@assembly.ca.gov,,1962-06-24,,https://www.assembly.ca.gov/sites/assembly.ca.gov/files/memberphotos/pellerin_502_11-30-22_resized.jpg,https://a28.asmdc.org/,https://a28.asmdc.org;https://a28.asmdc.org/biography;https://ballotpedia.org/Gail_Pellerin;https://en.wikipedia.org/wiki/Gail_Pellerin;https://justfacts.votesmart.org/candidate/205284/gail-pellerin;https://www.assembly.ca.gov/assemblymembers;https://www.gailpellerinforassembly.com/about-gail;https://www.linkedin.com/in/gail-pellerin-86265b17,,,,"Room 318B, 701 Ocean St., Santa Cruz, CA 95060",831-425-1503,,,,,,
ocd-person/50e55c91-8b18-45ea-a074-bf500e7a299e,Greg Wallis,Republican,47,lower,Greg,Wallis,Male,assemblymember.wallis@assembly.ca.gov,,1990-05-15,,https://www.assembly.ca.gov/sites/assembly.ca.gov/files/memberphotos/wallis_greg_0.jpg,https://ad47.asmrc.org/,https://ad47.asmrc.org;https://ballotpedia.org/Greg_Wallis;https://en.wikipedia.org/wiki/Greg_Wallis;https://justfacts.votesmart.org/candidate/biography/205311/greg-wallis;https://www.assembly.ca.gov/assemblymembers;https://www.gregwallis.org/meet-greg;https://www.linkedin.com/in/gregory-wallis-75211846,,,,"41-608 Indian Trail Road Suite D-1, Rancho Mirage, CA 92270",760-346-6342,,,,,,
ocd-person/57f76b8e-63ba-4aa7-93c9-0b0853ce2279,Gregg Hart,Democratic,37,lower,Gregg,Hart,Male,assemblymember.hart@assembly.ca.gov,,,,https://www.assembly.ca.gov/sites/assembly.ca.gov/files/memberphotos/hart_027_11-30-22_resized.jpg,https://a37.asmdc.org/,https://a37.asmdc.org;https://a37.asmdc.org/biography;https://ballotpedia.org/Gregg_Hart;https://www.assembly.ca.gov/assemblymembers;https://www.linkedin.com/in/gregg-hart-37b3504,,,,"1111 S. Broadway Suite 101, Santa Maria, CA 93454",805-346-1237,,,,,,
ocd-person/c830a90c-8964-4c0f-b31b-729cab1144fd,Heath Flora,Republican,9,lower,Heath,Flora,Male,assemblymember.flora@assembly.ca.gov,,1983-07-19,,https://www.assembly.ca.gov/sites/assembly.ca.gov/files/memberphotos/flora.jpg,https://ad09.asmrc.org/;https://ad12.asmrc.org,https://ad09.asmrc.org;https://assembly.ca.gov/assemblymembers;https://ballotpedia.org/Heath_Flora;https://en.wikipedia.org/wiki/Heath_Flora;https://justfacts.votesmart.org/candidate/biography/169309/heath-flora;https://www.assembly.ca.gov/assemblymembers;https://www.linkedin.com/in/heath-flora-24060a47,,,,"578 N. Wilma Ave. Suite B, Ripon, CA 95366",209-599-2112,,,,,,
ocd-person/3b125433-5362-42e2-a2b5-b608962c9481,Heather Hadwick,Republican,1,lower,Heather,Hadwick,Female,assemblymember.hadwick@assembly.ca.gov,,,,https://theorion.com/wp-content/uploads/2024/09/Hadwick-MCOE-.jpg,https://ad01.asmrc.org/;https://www.assembly.ca.gov/assemblymembers/01,https://ad01.asmrc.org;https://ad01.asmrc.org/biography;https://ballotpedia.org/Heather_Hadwick;https://justfacts.votesmart.org/candidate/213143/heather-hadwick;https://www.assembly.ca.gov/assemblymembers/01;https://www.linkedin.com/in/heather-hadwick-051016290,,,,"930 Executive Way Suite 201, Redding, CA 96002",530-223-6300,,,,,,
ocd-person/66bd4b32-5536-4bae-ab55-08c0b70ca5fd,Henry Stern,Democratic,27,upper,Henry,Stern,Male,senator.stern@senate.ca.gov,,1982-04-12,,https://www.senate.ca.gov/sites/senate.ca.gov/files/senator_photos/stern.jpg,https://sd27.senate.ca.gov/;https://senate.ca.gov/sd27,https://ballotpedia.org/Henry_Stern;https://en.wikipedia.org/wiki/Henry_Stern_(California_politician);https://justfacts.votesmart.org/candidate/biography/169182/henry-stern;https://sd27.senate.ca.gov;https://senate.ca.gov/senators;https://www.linkedin.com/in/henry-stern-3805713;https://www.senate.ca.gov/senators,,,,"5016 N. Parkway Calabasas Suite 222, Calabasas, CA 91302",818-876-3352,,,,,,
ocd-person/e9e56c3e-1c7d-4eab-a3ac-35cfc7c6a651,Isaac Bryan,Democratic,55,lower,Isaac,Bryan,Male,assemblymember.bryan@assembly.ca.gov,,1992-01-16,,https://www.assembly.ca.gov/sites/assembly.ca.gov/files/memberphotos/isaacbryan.jpg,https://a54.asmdc.org;https://a54.asmdc.org/;https://a55.asmdc.org/,https://a54.asmdc.org;https://a54.asmdc.org/;https://a55.asmdc.org;https://ballotpedia.org/Isaac_Bryan;https://en.wikipedia.org/wiki/Isaac_Bryan;https://justfacts.votesmart.org/candidate/biography/195907/isaac-bryan;https://www.assembly.ca.gov/assemblymembers;https://www.linkedin.com/in/isaacbryan,,,,"5601 W. Slauson Ave. Suite 200, Culver City, CA 90230",310-641-5410,,,,,,
ocd-person/e7ad99fd-fda5-4114-af3e-320f5be9be3c,Jacqui Irwin,Democratic,42,lower,Jacqui,Irwin,Female,assemblymember.irwin@assembly.ca.gov,,1962-01-03,,https://www.assembly.ca.gov/sites/assembly.ca.gov/files/memberphotos/AD44_Irwin_Portrait150_20141201.jpg,https://a42.asmdc.org/;https://a44.asmdc.org/,https://a42.asmdc.org;https://assembly.ca.gov/assemblymembers;https://ballotpedia.org/Jacqui_Irwin;https://en.wikipedia.org/wiki/Jacqui_Irwin;https://justfacts.votesmart.org/candidate/biography/70919/jacqui-irwin;https://www.assembly.ca.gov/assemblymembers;https://www.linkedin.com/in/jacqui-irwin-3101828,,,,"The Atrium Building, 860 Via De La Paz Suite E3-D, Pacific Palisades,, CA 90272",424-238-2421,,,,,,
ocd-person/156660b1-4c3f-45e3-8384-53cda60d7ea5,James Ramos,Democratic,45,lower,James,Ramos,Male,assemblymember.ramos@assembly.ca.gov,,1967-01-29,,https://www.assembly.ca.gov/sites/assembly.ca.gov/files/memberphotos/a40_jc_ramos.jpg,https://a40.asmdc.org/;https://a45.asmdc.org/,https://a45.asmdc.org;https://assembly.ca.gov/assemblymembers;https://ballotpedia.org/James_Ramos;https://en.wikipedia.org/wiki/James_Ramos;https://justfacts.votesmart.org/candidate/biography/144120/james-ramos;https://www.assembly.ca.gov/assemblymembers,,,,"290 N. D St. Suite 805, San Bernardino, CA 92401",909-889-7145,,,,,,
ocd-person/5d93a1cb-7a01-43ab-a26c-a2abecdee135,James Gallagher,Republican,3,lower,James,Gallagher,Male,assemblymember.gallagher@assembly.ca.gov,,1981-03-04,,https://www.assembly.ca.gov/sites/assembly.ca.gov/files/memberphotos/Gallagher_LDC_headshot.jpg,https://ad03.asmrc.org/,https://ad03.asmrc.org;https://assembly.ca.gov/assemblymembers;https://ballotpedia.org/James_Gallagher_(California);https://en.wikipedia.org/wiki/James_Gallagher_(California_politician);https://www.assembly.ca.gov/assemblymembers,,,,"2060 Talbert Drive Suite 110, Chico, CA 95928",530-895-4217,,,,,,
ocd-person/b08199e4-63d9-4bd4-9be3-99e628fa7059,Jasmeet Bains,Democratic,35,lower,Jasmeet,Bains,Female,assemblymember.bains@assembly.ca.gov,,1986-07-02,,,https://a35.asmdc.org/,https://a35.asmdc.org;https://ballotpedia.org/Jasmeet_Bains;https://en.wikipedia.org/wiki/Jasmeet_Bains;https://justfacts.votesmart.org/candidate/biography/205296/jasmeet-bains;https://www.assembly.ca.gov/assemblymembers;https://www.drjasmeetbains.com/archived-bio-12-30-23;https://www.linkedin.com/in/jasmeet-bains-md-b7684a93,,,,"1430 Truxtun Ave. Suite 803, Bakersfield, CA 93301",661-335-0302,,,,,,
ocd-person/552b5bf7-472d-48a4-bb9a-132c1f044737,Jeff Gonzalez,Republican,36,lower,Jeff,Gonzalez,Male,assemblymember.gonzalez@assembly.ca.gov,,1974-08-05,,https://californiaglobe.com/wp-content/uploads/2024/10/Screenshot-2024-10-03-at-7.03.49%E2%80%AFAM-708x642.png,https://ad36.asmrc.org/;https://www.assembly.ca.gov/assemblymembers/36,https://ad36.asmrc.org;https://ballotpedia.org/Jeff_Gonzalez;https://justfacts.votesmart.org/candidate/biography/180114/jeff-gonzalez;https://www.assembly.ca.gov/assemblymembers/36;https://www.linkedin.com/in/jeffgonzalez-,,,,"48220 Jackson St. Suite A3, Coachella, CA 92236",760-347-2360,,,,,,
ocd-person/e9733632-df5d-48b4-b4a3-4768e7dcb5f7,Jerry McNerney,Democratic,5,upper,Jerry,McNerney,Male,senator.mcnerney@senate.ca.gov,,1951-06-18,,https://storage.googleapis.com/enview-dev-public-general/legislative-people-photos/70583.jpg,https://sd05.senate.ca.gov/,https://ballotpedia.org/Jerry_McNerney;https://en.wikipedia.org/wiki/Jerry_McNerney;https://justfacts.votesmart.org/candidate/29474/jerry-mcnerney;https://sd05.senate.ca.gov;https://www.govtrack.us/congress/members/jerry_mcnerney/412189,,,,"2291 W. March Lane Suite B200, Stockton, CA 95207",209-472-9535,,,,,,
ocd-person/83a64401-d95d-42c5-8cfc-03bd29e4adc8,Jesse Arreguín,Democratic,7,upper,Jesse,Arreguín,Male,senator.arreguin@senate.ca.gov,,1984-09-04,,https://berkeleyca.gov/sites/default/files/elected-office-holder/portrait.jpg,https://sd07.senate.ca.gov/,https://ballotpedia.org/Jesse_Arregu%C3%ADn;https://berkeleyca.gov/your-government/city-council/council-roster/jesse-arreguin;https://en.wikipedia.org/wiki/Jesse_Arregu%C3%ADn;https://sd07.senate.ca.gov,,,,"1515 Clay St. Suite 2202, Oakland, CA 94612",510-286-1333,,,,,,
ocd-person/407f6fda-8638-4cca-9704-7aa8df7de26e,Jesse Gabriel,Democratic,46,lower,Jesse,Gabriel,Male,assemblymember.gabriel@assembly.ca.gov,,1981-09-25,,https://www.assembly.ca.gov/sites/assembly.ca.gov/files/memberphotos/ad-46_gabriel_resized.jpg,https://a45.asmdc.org/;https://a46.asmdc.org/,https://a46.asmdc.org;https://assembly.ca.gov/assemblymembers;https://ballotpedia.org/Jesse_Gabriel;https://en.wikipedia.org/wiki/Jesse_Gabriel;https://justfacts.votesmart.org/candidate/biography/178075/jesse-gabriel;https://www.assembly.ca.gov/assemblymembers;https://www.linkedin.com/in/jesse-gabriel-4111b32b,,,,"16501 Ventura Blvd. Suite 620, Encino, CA 91436",818-380-2460,,,,,,
ocd-person/81d9225e-7584-43c9-9e9b-f12b7e7dbd4e,Jessica Caloza,Democratic,52,lower,Jessica,Caloza,Female,assemblymember.caloza@assembly.ca.gov,,,,https://storage.googleapis.com/enview-dev-public-general/legislative-people-photos/158655.jpg,https://a52.asmdc.org/;https://www.assembly.ca.gov/assemblymembers/52,https://a52.asmdc.org;https://ballotpedia.org/Jessica_Caloza;https://en.wikipedia.org/wiki/Jessica_Caloza;https://www.assembly.ca.gov/assemblymembers/52;https://www.linkedin.com/in/jessicacaloza,,,,"1910 W. Sunset Blvd. Suite 810, Los Angeles, CA 90026",213-483-5252,,,,,,
ocd-person/c7a404d9-03f7-4e82-b730-1623da31d4cc,Joe Patterson,Republican,5,lower,Joe,Patterson,Male,assemblymember.joepatterson@assembly.ca.gov,,,,https://www.assembly.ca.gov/sites/assembly.ca.gov/files/memberphotos/patterson_a25i1438_resized.png,https://ad05.asmrc.org;https://ad05.asmrc.org/,https://ad05.asmrc.org;https://ad05.asmrc.org/biography;https://ballotpedia.org/Joe_Patterson_(California);https://joepatterson.com/about;https://www.assembly.ca.gov/assemblymembers;https://www.linkedin.com/in/joepatterson82,,,,"Rocklin Corporate Plaza, 6030 W. Oaks Blvd. Suite 145, Rocklin, CA 95765",916-435-0501,,,,,,
ocd-person/0253bb3f-2fcb-49ed-a85d-578fee726be8,John Harabedian,Democratic,41,lower,John,Harabedian,Male,assemblymember.harabedian@assembly.ca.gov,,,,https://storage.googleapis.com/enview-dev-public-general/legislative-people-photos/158662.jpg,https://a41.asmdc.org/;https://www.assembly.ca.gov/assemblymembers/41,https://a41.asmdc.org;https://a41.asmdc.org/biography;https://ballotpedia.org/John_Harabedian;https://en.wikipedia.org/wiki/John_Harabedian;https://www.assembly.ca.gov/assemblymembers/41;https://www.linkedin.com/in/john-harabedian-9ba716a,,,,"600 N. Rosemead Blvd. Suite 117, Pasadena, CA 91107",626-351-1917,,,,,,
ocd-person/7476789f-49a4-491a-b294-9d1486f24193,John Laird,Democratic,17,upper,John,Laird,Male,senator.laird@senate.ca.gov,,1950-03-29,,https://www.senate.ca.gov/sites/senate.ca.gov/files/senator_photos/sd17_laird_0.jpg,https://sd17.senate.ca.gov/;https://senate.ca.gov/sd17,https://ballotpedia.org/John_Laird;https://en.wikipedia.org/wiki/John_Laird_(American_politician);https://sd17.senate.ca.gov;https://senate.ca.gov/senators;https://www.linkedin.com/in/john-laird-42095110;https://www.senate.ca.gov/senators,,,,"99 Pacific St. Suite 575-F, Monterey, CA 93940",831-657-6315,,,,,,
ocd-person/b9c75c1e-6ea8-4fae-9efa-a7bf0a0cb2cc,José Solache,Democratic,62,lower,José,Solache,Male,assemblymember.solache@assembly.ca.gov,,,,https://www.lynwoodca.gov/ImageRepository/Document?documentID=302,https://a62.asmdc.org/;https://www.assembly.ca.gov/assemblymembers/62,https://a62.asmdc.org;https://ballotpedia.org/Jose_Solache;https://justfacts.votesmart.org/candidate/biography/146371/jose-solache;https://www.assembly.ca.gov/assemblymembers/62;https://www.linkedin.com/in/jose-l-solache-40393b6,,,,"4909 Lakewood Blvd. Suite 400, Lakewood, CA 90712",562-529-3250,,,,,,
ocd-person/c71137b2-3fc3-48bf-b0ad-6c29aff98268,Josh Becker,Democratic,13,upper,Josh,Becker,Male,senator.becker@senate.ca.gov,,1969-04-13,,https://www.senate.ca.gov/sites/senate.ca.gov/files/senator_photos/sd13_becker_0.jpg,https://sd13.senate.ca.gov/;https://senate.ca.gov/sd13,https://ballotpedia.org/Josh_Becker;https://en.wikipedia.org/wiki/Josh_Becker_(politician);https://justfacts.votesmart.org/candidate/biography/120184/josh-becker;https://sd13.senate.ca.gov;https://senate.ca.gov/senators;https://www.linkedin.com/in/beckerjosh;https://www.senate.ca.gov/senators,,,,"3525 Alameda de las Pulgas, Menlo Park, CA 94025",650-233-2724,,,,,,
ocd-person/71aa54c0-3fad-499c-928e-ffbb692a970b,Joshua Hoover,Republican,7,lower,Joshua,Hoover,Male,assemblymember.hoover@assembly.ca.gov,,1988-04-11,,,https://ad07.asmrc.org;https://ad07.asmrc.org/,https://ad07.asmrc.org;https://ad07.asmrc.org/biography;https://ballotpedia.org/Josh_Hoover;https://en.wikipedia.org/wiki/Josh_Hoover;https://justfacts.votesmart.org/candidate/biography/205249/josh-hoover;https://www.assembly.ca.gov/assemblymembers;https://www.linkedin.com/in/joshuaryanhoover,,,,"13405 Folsom Blvd., Building 700 Suite A, Folsom, CA 95630",916-294-9774,,,,,,
ocd-person/b20254b0-437a-4d3d-9aa9-baa5db2bc5ef,Josh Lowenthal,Democratic,69,lower,Josh,Lowenthal,Male,assemblymember.lowenthal@assembly.ca.gov,,1970-02-15,,https://www.assembly.ca.gov/sites/assembly.ca.gov/files/memberphotos/lowenthal_009_11-30-22_resized.jpg,https://a69.asmdc.org/,https://a69.asmdc.org;https://a69.asmdc.org/biography;https://ballotpedia.org/Josh_Lowenthal;https://www.assembly.ca.gov/assemblymembers;https://www.linkedin.com/in/josh-lowenthal-82298420,,,,"3777 Long Beach Blvd. Suite 260, Long Beach, CA 90807",562-366-2769,,,,,,
ocd-person/dfb00d6c-1d0d-410f-8a06-d54841495a62,Juan Alanis,Republican,22,lower,Juan,Alanis,Male,assemblymember.alanis@assembly.ca.gov,,1978-06-17,,https://www.assembly.ca.gov/sites/assembly.ca.gov/files/memberphotos/alanis_a25i1397_resized.png,https://ad22.asmrc.org/,https://ad22.asmrc.org;https://ad22.asmrc.org/biography;https://ballotpedia.org/Juan_Alanis_(California);https://en.wikipedia.org/wiki/Juan_Alanis_(politician);https://justfacts.votesmart.org/candidate/biography/205277/juan-alanis;https://www.assembly.ca.gov/assemblymembers;https://www.linkedin.com/in/juan-alanis-8a450b15a,,,,"1010 10th St. Suite 5800, Modesto, CA 95354",209-521-2201,,,,,,
ocd-person/092bda0e-23a9-4d25-92a9-5808e996702b,Juan Carrillo,Democratic,39,lower,Juan,Carrillo,Male,assemblymember.juancarrillo@assembly.ca.gov,,,,https://www.assembly.ca.gov/sites/assembly.ca.gov/files/memberphotos/carrillo_001_11-30-29_resized.jpg,https://a39.asmdc.org/,https://a39.asmdc.org;https://a39.asmdc.org/biography;https://ballotpedia.org/Juan_Carrillo;https://en.wikipedia.org/wiki/Juan_Carrillo;https://votejuancarrillo.com/meet-the-candidate;https://www.assembly.ca.gov/assemblymembers,,,,"823 East Ave. Q-9 Suite B, Palmdale, CA 93550",661-266-3908,,,,,,
ocd-person/76378b56-7ad9-463c-a4fd-47c665b26ee8,Kate Sanchez,Republican,71,lower,Kate,Sanchez,Female,assemblymember.sanchez@assembly.ca.gov,,,,https://www.assembly.ca.gov/sites/assembly.ca.gov/files/memberphotos/sanchez_a25i1518_resized.png,https://ad71.asmrc.org/,https://ad71.asmrc.org;https://ad71.asmrc.org/biography;https://ballotpedia.org/Kate_Sanchez;https://en.wikipedia.org/wiki/Kate_Sanchez;https://justfacts.votesmart.org/candidate/biography/205341/kate-sanchez;https://www.assembly.ca.gov/assemblymembers,,,,"24630 Washington Ave. Suite 202, Murrieta, CA 92562",951-696-0002,,,,,,
ocd-person/d9462f08-2b27-4969-8436-9a1c21534a40,Kelly Seyarto,Republican,32,upper,Kelly,Seyarto,Male,senator.seyarto@senate.ca.gov,,1962-10-28,,https://www.senate.ca.gov/sites/senate.ca.gov/files/senator_photos/seyarto_kelly_r-32c.jpg,https://ad67.asmrc.org/;https://senate.ca.gov/sd32;https://sr32.senate.ca.gov/,https://assembly.ca.gov/assemblymembers;https://ballotpedia.org/Kelly_Seyarto;https://en.wikipedia.org/wiki/Kelly_Seyarto;https://sr32.senate.ca.gov;https://sr32.senate.ca.gov/about-kelly;https://www.assembly.ca.gov/assemblymembers;https://www.senate.ca.gov/senators,,,,"4740 Green River Road Suite 212, Corona, CA 92878",951-280-1260,,,,,,
ocd-person/895f777d-ae7b-429a-aa0f-1b2895c13945,LaShae Sharp-Collins,Democratic,79,lower,LaShae,Sharp-Collins,Female,assemblymember.sharpcollins@assembly.ca.gov,,,,https://s3.amazonaws.com/ballotpedia-api4/files/thumbs/200/300/lscollins.JPG,https://a79.asmdc.org/;https://www.assembly.ca.gov/assemblymembers/79,https://a79.asmdc.org;https://ballotpedia.org/LaShae_Sharp-Collins;https://en.wikipedia.org/wiki/LaShae_Sharp-Collins;https://justfacts.votesmart.org/candidate/biography/213430/lashae-sharp-collins;https://www.assembly.ca.gov/assemblymembers/79,,,,"4700 Spring St. Suite 301, La Mesa, CA 91942",619-465-7903,,,,,,
ocd-person/bd78b1b9-6d92-4c67-a1f4-0548575f3aa5,Laura Richardson,Democratic,35,upper,Laura,Richardson,Female,senator.richardson@senate.ca.gov,,1962-04-14,,https://storage.googleapis.com/enview-dev-public-general/legislative-people-photos/6409.jpg,https://sd35.senate.ca.gov/,https://ballotpedia.org/Laura_Richardson;https://en.wikipedia.org/wiki/Laura_Richardson;https://sd35.senate.ca.gov;https://www.govtrack.us/congress/members/laura_richardson/412253;https://www.linkedin.com/in/laura-richardson-40732a43,,,,"302 W. 5th St. Suite 203, San Pedro, CA 90731",310-514-8573,,,,,,
ocd-person/1b3ac39e-7b50-4263-bd1d-add1e91d71b9,Laurie Davies,Republican,74,lower,Laurie,Davies,Female,assemblymember.davies@assembly.ca.gov,,1962-02-27,,https://www.assembly.ca.gov/sites/assembly.ca.gov/files/memberphotos/arc_new_member_headshots_asm.ca_.gov_120x150px_davies.jpg,https://ad73.asmrc.org/;https://ad74.asmrc.org/,https://ad74.asmrc.org;https://ad74.asmrc.org/biography;https://assembly.ca.gov/assemblymembers;https://ballotpedia.org/Laurie_Davies;https://en.wikipedia.org/wiki/Laurie_Davies_(politician);https://justfacts.votesmart.org/candidate/biography/146356/laurie-davies;https://www.assembly.ca.gov/assemblymembers;https://www.linkedin.com/in/mayor-laurie-davies-0465896,,,,"32332 Camino Capistrano Suite 102A, San Juan Capistrano, CA 92675",949-240-7300,,,,,,
ocd-person/cb6cc457-59f8-4dd8-aeb5-691c3795ffb7,Lena Gonzalez,Democratic,33,upper,Lena,Gonzalez,Female,senator.gonzalez@senate.ca.gov,,1981-01-26,,https://www.senate.ca.gov/sites/senate.ca.gov/files/senator_photos/senator-lena-gonzalez.jpg,https://sd33.senate.ca.gov/;https://senate.ca.gov/sd33,https://ballotpedia.org/Lena_Gonzalez;https://en.wikipedia.org/wiki/Lena_Gonzalez;https://sd33.senate.ca.gov;https://senate.ca.gov/senators;https://www.linkedin.com/in/lena-a-gonzalez;https://www.senate.ca.gov/senators,,,,"3939 Atlantic Ave. Suite 107, Long Beach, CA 90807",562-256-7921,,,,,,
ocd-person/06d4d543-2374-436f-978d-b924c7ec7d53,Leticia Castillo,Republican,58,lower,Leticia,Castillo,Female,assemblymember.castillo@assembly.ca.gov,,,,https://s3.amazonaws.com/ballotpedia-api4/files/thumbs/200/300/May162022532PM_104500298_0304E3268B78420096DFCD3FA3DB99B7-min.jpeg,https://ad58.asmrc.org/;https://www.assembly.ca.gov/assemblymembers/58,https://ad58.asmrc.org;https://ballotpedia.org/Leticia_Castillo;https://www.assembly.ca.gov/assemblymembers/58;https://www.linkedin.com/in/leticiacastillo,,,,"391 N. Main St. Suite 210, Corona, CA 92878",951-371-6860,,,,,,
ocd-person/ed58ae30-ffe5-4395-9353-141e4018cbe3,Lisa Calderon,Democratic,56,lower,Lisa,Calderon,Female,assemblymember.calderon@assembly.ca.gov,,1965-01-25,,https://www.assembly.ca.gov/sites/assembly.ca.gov/files/memberphotos/calderon-057.jpg,https://a56.asmdc.org/;https://a57.asmdc.org/,https://a56.asmdc.org;https://assembly.ca.gov/assemblymembers;https://ballotpedia.org/Lisa_Calderon_(California);https://en.wikipedia.org/wiki/Lisa_Calderon;https://justfacts.votesmart.org/candidate/biography/188854/lisa-calderon;https://www.assembly.ca.gov/assemblymembers;https://www.linkedin.com/in/lisacalderon,,,,"13181 Crossroads Parkway North Suite 160, City of Industry, CA 91746",562-692-5858,,,,,,
ocd-person/54e48d10-22e1-43da-b114-c1d3f741faff,Liz Ortega,Democratic,20,lower,Liz,Ortega,Female,assemblymember.ortega@assembly.ca.gov,,1977-08-26,,https://www.assembly.ca.gov/sites/assembly.ca.gov/files/memberphotos/ortega_004_11-30-22_resized.jpg,https://a20.asmdc.org;https://a20.asmdc.org/,https://a20.asmdc.org;https://a20.asmdc.org/biography;https://ballotpedia.org/Liz_Ortega;https://en.wikipedia.org/wiki/Liz_Ortega;https://justfacts.votesmart.org/candidate/biography/205270/liz-ortega;https://www.assembly.ca.gov/assemblymembers;https://www.linkedin.com/in/liz-ortega-145989140;https://www.ortegaforassembly.com/about,,,,"22320 Foothill Blvd. Suite 540, Hayward, CA 94541",510-583-8818,,,,,,
ocd-person/37f2dc9f-d788-4f71-b794-093c8816333b,Lola Smallwood-Cuevas,Democratic,28,upper,Lola,Smallwood-Cuevas,Female,senator.smallwood-cuevas@senate.ca.gov,,,,https://www.senate.ca.gov/sites/senate.ca.gov/files/senator_photos/smallwood-cuevas_lola_d-28.jpg,https://sd28.senate.ca.gov/;https://senate.ca.gov/sd28,https://ballotpedia.org/Lola_Smallwood-Cuevas;https://en.wikipedia.org/wiki/Lola_Smallwood-Cuevas;https://justfacts.votesmart.org/candidate/biography/205233/lola-smallwood-cuevas;https://sd28.senate.ca.gov;https://sd28.senate.ca.gov/biography;https://www.linkedin.com/in/lola-smallwood-cuevas-4406886b;https://www.linkedin.com/in/lola-smallwood-cuevas-4b3a5824;https://www.senate.ca.gov/senators,,,,"700 Exposition Park Drive, Los Angeles, CA 90037",213-745-6656,,,,,,
ocd-person/926d1337-0318-4c12-a291-178f10199b23,Lori Wilson,Democratic,11,lower,Lori,Wilson,Female,assemblymember.wilson@assembly.ca.gov,,1976-07-17,,https://www.assembly.ca.gov/sites/assembly.ca.gov/files/memberphotos/ad11-wilson_006_portraits_resized.jpg,https://a11.asmdc.org;https://a11.asmdc.org/,https://a11.asmdc.org;https://ballotpedia.org/Lori_Wilson;https://en.wikipedia.org/wiki/Lori_Wilson_(California_politician);https://justfacts.votesmart.org/candidate/202065/lori-wilson;https://loridwilson.com;https://www.assembly.ca.gov/assemblymembers;https://www.linkedin.com/in/loridwilson,,,,"1 Harbor Center Suite 270, Suisun City, CA 94585",707-438-7359,,,,,,
ocd-person/e8ac7b26-03a5-4818-b05d-0f379029bbdb,Maggy Krell,Democratic,6,lower,Maggy,Krell,Female,assemblymember.krell@assembly.ca.gov,,,,https://lettersandscience.ucdavis.edu/sites/g/files/dgvnsk15706/files/styles/sf_profile/public/images/person/Maggy%20Krell.jpeg?h=a7e6d17b&itok=kwhSUK6x,https://a06.asmdc.org/;https://www.assembly.ca.gov/assemblymembers/06,https://a06.asmdc.org;https://ballotpedia.org/Maggy_Krell;https://en.wikipedia.org/wiki/Maggy_Krell;https://justfacts.votesmart.org/candidate/213154/maggy-krell;https://www.assembly.ca.gov/assemblymembers/06;https://www.linkedin.com/in/maggy-krell-7aa62066,,,,"915 L St. Suite 110, Sacramento, CA 95814",916-324-4676,,,,,,
ocd-person/24facf9e-7fb1-4475-9120-05cd0145c7c1,Marc Berman,Democratic,23,lower,Marc,Berman,Male,assemblymember.berman@assembly.ca.gov,,1980-10-31,,https://www.assembly.ca.gov/sites/assembly.ca.gov/files/memberphotos/ad24_berman_roster150_20161205.jpg,https://a23.asmdc.org/;https://a24.asmdc.org/,https://a23.asmdc.org;https://assembly.ca.gov/assemblymembers;https://ballotpedia.org/Marc_Berman;https://en.wikipedia.org/wiki/Marc_Berman;https://justfacts.votesmart.org/candidate/biography/146412/marc-berman;https://www.assembly.ca.gov/assemblymembers;https://www.linkedin.com/in/marcberman7,,,,"721 Colorado Ave. Suite 101, Palo Alto, CA 94303",650-324-0224,,,,,,
ocd-person/b3f55460-f87b-4db4-b6a5-35a735f34076,María Elena Durazo,Democratic,26,upper,María Elena,Durazo,Female,senator.durazo@senate.ca.gov,,1953-03-20,,https://www.senate.ca.gov/sites/senate.ca.gov/files/senator_photos/senator_durazo.jpg,https://sd26.senate.ca.gov/;https://senate.ca.gov/sd24;https://senate.ca.gov/sd26,https://ballotpedia.org/Maria_Elena_Durazo;https://en.wikipedia.org/wiki/Maria_Elena_Durazo;https://justfacts.votesmart.org/candidate/biography/179971/maria-durazo;https://sd26.senate.ca.gov;https://senate.ca.gov/senators;https://www.linkedin.com/in/maria-elena-durazo-63724689;https://www.senate.ca.gov/senators,,,,"1808 W. Sunset Blvd., Los Angeles, CA 90026",213-483-9300,,,,,,
ocd-person/b6907bd6-05e1-44a4-bfc6-db4b672ff8b4,Marie Alvarado-Gil,Republican,4,upper,Marie,Alvarado-Gil,Female,senator.alvarado-gil@senate.ca.gov,,1973-12-24,,https://www.senate.ca.gov/sites/senate.ca.gov/files/senator_photos/alvarado-gill_marie_d-04.jpg,https://sd04.senate.ca.gov/;https://senate.ca.gov/sd04;https://sr04.senate.ca.gov/,https://ballotpedia.org/Marie_Alvarado-Gil;https://en.wikipedia.org/wiki/Marie_Alvarado-Gil;https://sd04.senate.ca.gov;https://sd04.senate.ca.gov/biography;https://sr04.senate.ca.gov;https://www.linkedin.com/in/alvaradogilforsenate2022;https://www.senate.ca.gov/senators,,,,"4364 Town Center Blvd. Suite 313, El Dorado Hills, CA 95762",916-933-8680,,,,,,
ocd-person/4a6f5a5d-275e-4fb2-a8bf-bb1272d4dfbb,Mark González,Democratic,54,lower,Mark,González,Male,assemblymember.gonzalez@assembly.ca.gov,,,,https://www.sgvtribune.com/wp-content/uploads/2024/10/LDN-L-ELX-VG-ASSMD54-GONZALEZ.jpg?w=520,https://a54.asmdc.org/;https://www.assembly.ca.gov/assemblymembers/54,https://a54.asmdc.org;https://ballotpedia.org/Mark_Gonzalez_(California);https://en.wikipedia.org/wiki/Mark_Gonzalez_(politician);https://www.assembly.ca.gov/assemblymembers/54;https://www.markgonzalezforassembly.com/about,,,,"Room 1050, 320 W. 4th St., Los Angeles, CA 90013",213-620-4646,,,,,,
ocd-person/cc6eb833-e16b-472a-83ec-31e7df1b1cd9,Matt Haney,Democratic,17,lower,Matt,Haney,Male,assemblymember.haney@assembly.ca.gov,,1982-04-17,,https://www.assembly.ca.gov/sites/assembly.ca.gov/files/memberphotos/ad17_haney.jpg,https://a17.asmdc.org/,https://a17.asmdc.org;https://ballotpedia.org/Matt_Haney;https://en.wikipedia.org/wiki/Matt_Haney;https://www.assembly.ca.gov/assemblymembers;https://www.linkedin.com/in/matthaneysf,,,,"455 Golden Gate Ave. Suite 14300, San Francisco, CA 94102",415-557-3013,,,,,,
ocd-person/1509d608-4d2b-4ebc-be73-b4cd6c06b7c6,Megan Dahle,Republican,1,upper,Megan,Dahle,Female,senator.dahle@senate.ca.gov,,1975-07-29,,https://www.assembly.ca.gov/sites/assembly.ca.gov/files/memberphotos/mdahle-ad01.gif,https://ad01.asmrc.org/;https://sr01.senate.ca.gov/,https://ad01.asmrc.org;https://assembly.ca.gov/assemblymembers;https://ballotpedia.org/Megan_Dahle;https://en.wikipedia.org/wiki/Megan_Dahle;https://justfacts.votesmart.org/candidate/186798/megan-dahle;https://sr01.senate.ca.gov;https://www.assembly.ca.gov/assemblymembers,,,,"2635 Forest Ave. Suite 100, Chico, CA 95928",530-879-7424,,,,,,
ocd-person/ee9910a2-0b27-46e0-be87-43c800596b41,Melissa Hurtado,Democratic,16,upper,Melissa,Hurtado,Female,senator.hurtado@senate.ca.gov,,1988-03-06,,https://www.senate.ca.gov/sites/senate.ca.gov/files/senator_photos/senator_hurtado_0.jpg,https://sd16.senate.ca.gov/;https://senate.ca.gov/sd14;https://senate.ca.gov/sd16,https://ballotpedia.org/Melissa_Hurtado;https://en.wikipedia.org/wiki/Melissa_Hurtado;https://justfacts.votesmart.org/candidate/biography/179956/melissa-hurtado;https://sd16.senate.ca.gov;https://senate.ca.gov/senators;https://www.senate.ca.gov/senators,,,,"5201 California Ave. Suite 220, Bakersfield, CA 93309",661-395-2620,,,,,,
ocd-person/a467d09d-289d-4e5a-a2af-a0ce20af14e1,Mia Bonta,Democratic,18,lower,Mia,Bonta,Female,assemblymember.mbonta@assembly.ca.gov,,1972-01-26,,https://www.assembly.ca.gov/sites/assembly.ca.gov/files/memberphotos/ad-18_bonta_m._portraits_edit_155_11-5-21_resized.jpg,https://a18.asmdc.org;https://a18.asmdc.org/,https://a18.asmdc.org;https://ballotpedia.org/Mia_Bonta;https://en.wikipedia.org/wiki/Mia_Bonta;https://www.assembly.ca.gov/assemblymembers;https://www.linkedin.com/in/mialisabonta,,,,"1515 Clay St. Suite 2204, Oakland, CA 94612",510-286-1670,,,,,,
ocd-person/c8e36b71-c739-4afb-b8e9-cbdd4d362693,Michelle Rodriguez,Democratic,53,lower,Michelle,Rodriguez,Female,assemblymember.michellerodriguez@assembly.ca.gov,,,,https://michelleforassembly.com/cms/wp-content/uploads/2023/08/new-safe-meeno-MICHELLE_RODRIGUEZ-2023.07_011.jpg,https://a53.asmdc.org/;https://www.assembly.ca.gov/assemblymembers/53,https://a53.asmdc.org;https://ballotpedia.org/Michelle_Rodriguez_(California);https://justfacts.votesmart.org/candidate/213398/michelle-rodriguez;https://www.assembly.ca.gov/assemblymembers/53,,,,"13160 7th St., Chino, CA 91710",909-902-9606,,,,,,
ocd-person/404dbee4-6b74-4249-ab26-9644cab7c7d5,Mike Gipson,Democratic,65,lower,Mike,Gipson,Male,assemblymember.gipson@assembly.ca.gov,,1966-06-25,,https://www.assembly.ca.gov/sites/assembly.ca.gov/files/memberphotos/AD64_Gipson_Portrait150_20141201.jpg,https://a64.asmdc.org/;https://a65.asmdc.org/,https://a65.asmdc.org;https://assembly.ca.gov/assemblymembers;https://ballotpedia.org/Mike_Gipson;https://en.wikipedia.org/wiki/Mike_Gipson;https://justfacts.votesmart.org/candidate/biography/70443/mike-gipson;https://www.assembly.ca.gov/assemblymembers;https://www.linkedin.com/in/mike-gipson-b3304120,,,,"879 W. 190th St. Suite 920, Gardena, CA 90248",310-324-6408,,,,,,
ocd-person/3a7bde9c-8709-49c7-89e4-0835ea1f9eb6,Mike Fong,Democratic,49,lower,Mike,Fong,Male,assemblymember.mikefong@asm.ca.gov,,1976-02-29,,https://www.assembly.ca.gov/sites/assembly.ca.gov/files/memberphotos/ad-49_fong_m._037_2022_resized.jpg,https://a49.asmdc.org/,https://a49.asmdc.org;https://ballotpedia.org/Mike_Fong;https://en.wikipedia.org/wiki/Mike_Fong;https://www.assembly.ca.gov/assemblymembers;https://www.linkedin.com/in/mike-fong-89083967,,,,"1411 S. Garfield Ave. Suite 307, Alhambra, CA 91801",626-457-4918,,,,,,
ocd-person/a1394aeb-094a-4fc0-b4d5-005104ceddc0,Mike McGuire,Democratic,2,upper,Mike,McGuire,Male,senator.mcguire@senate.ca.gov,,1979-07-21,,https://www.senate.ca.gov/sites/senate.ca.gov/files/senator_photos/mcguire-mike.jpg,https://sd02.senate.ca.gov/;https://senate.ca.gov/sd02,https://ballotpedia.org/Mike_McGuire;https://en.wikipedia.org/wiki/Mike_McGuire_(politician);https://justfacts.votesmart.org/candidate/biography/129749/mike-mcguire;https://sd02.senate.ca.gov;https://senate.ca.gov/senators;https://www.senate.ca.gov/senators,,,,"885 Lakeport Blvd., Lakeport, CA 95453",707-468-8914,,,,,,
ocd-person/e924a3ec-c7c0-4094-8504-7611bcf8979f,Monique Limón,Democratic,21,upper,Monique,Limón,Female,senator.limon@senate.ca.gov,,1979-10-30,,https://www.senate.ca.gov/sites/senate.ca.gov/files/senator_photos/limon_monique_d-19_2.jpg,https://sd19.senate.ca.gov/;https://sd21.senate.ca.gov/;https://senate.ca.gov/sd19,https://ballotpedia.org/S._Monique_Lim%C3%B3n;https://en.wikipedia.org/wiki/Monique_Lim%C3%B3n;https://justfacts.votesmart.org/candidate/biography/169364/monique-limon;https://sd19.senate.ca.gov;https://sd21.senate.ca.gov;https://senate.ca.gov/senators;https://www.linkedin.com/in/monique-lim%C3%B3n-073b9011;https://www.senate.ca.gov/senators,,,,"300 E. Esplanade Drive Suite 430, Oxnard, CA 93036",805-988-1940,,,,,,
ocd-person/06ae0707-255b-4af9-8e3e-c940e8f29600,Nick Schultz,Democratic,44,lower,Nick,Schultz,Male,assemblymember.schultz@assembly.ca.gov,,1988-08-27,,https://www.burbankca.gov/documents/1626247/0/20210330-nick-schultz-001.jpg,https://a44.asmdc.org/;https://www.assembly.ca.gov/assemblymembers/44,https://a44.asmdc.org;https://ballotpedia.org/Nick_Schultz;https://en.wikipedia.org/wiki/Nick_Schultz_(politician);https://www.assembly.ca.gov/assemblymembers/44;https://www.burbankca.gov/nick-schultz;https://www.linkedin.com/in/nick-schultz-a11b1996,,,,"300 E. Magnolia Blvd. Suite 504, Burbank, CA 91502",818-558-3043,,,,,,
ocd-person/a86994f3-ffe3-4dc6-9e79-bcba7346f919,Patrick Ahrens,Democratic,26,lower,Patrick,Ahrens,Male,assemblymember.ahrens@assembly.ca.gov,,,,http://www.fhda.edu/_images/PatrickAhrens2018.jpg,https://a26.asmdc.org/;https://www.assembly.ca.gov/assemblymembers/26,https://a26.asmdc.org;https://ballotpedia.org/Patrick_Ahrens;https://en.wikipedia.org/wiki/Patrick_Ahrens;https://www.assembly.ca.gov/assemblymembers/26;https://www.linkedin.com/in/patrick-ahrens-497a6963,,,,"20111 Stevens Creek Blvd. Suite 220, Cupertino, CA 95014",408-446-2810,,,,,,
ocd-person/6ba768a4-2756-42b5-a5c5-f6b8b5db0491,Phillip Chen,Republican,59,lower,Phillip,Chen,Male,assemblymember.chen@assembly.ca.gov,,1978-04-22,,https://www.assembly.ca.gov/sites/assembly.ca.gov/files/memberphotos/chen.jpg,https://ad55.asmrc.org;https://ad59.asmrc.org;https://ad59.asmrc.org/,https://ad59.asmrc.org;https://assembly.ca.gov/assemblymembers;https://ballotpedia.org/Phillip_Chen_(California);https://en.wikipedia.org/wiki/Phillip_Chen;https://justfacts.votesmart.org/candidate/biography/151715/phillip-chen;https://www.assembly.ca.gov/assemblymembers;https://www.linkedin.com/in/phillip-chen-11b0548,,,,"3 Pointe Drive Suite 313, Brea, CA 92821",714-529-5502,,,,,,
ocd-person/d12d3275-2086-4bf5-886b-c4de3823fbf9,Pilar Schiavo,Democratic,40,lower,Pilar,Schiavo,Female,assemblymember.schiavo@assembly.ca.gov,,1975-01-22,,https://www.assembly.ca.gov/sites/assembly.ca.gov/files/memberphotos/schiavo_030_11-29-22_resized.jpg,https://a40.asmdc.org/,https://a40.asmdc.org;https://ballotpedia.org/Pilar_Schiavo;https://en.wikipedia.org/wiki/Pilar_Schiavo;https://justfacts.votesmart.org/candidate/biography/205304/pilar-schiavo;https://www.assembly.ca.gov/assemblymembers;https://www.linkedin.com/in/pilar-schiavo-840949,,,,"27441 Tourney Road Suite 240, Santa Clarita, CA 91355",661-286-1565,,,,,,
ocd-person/2918acca-40a2-4819-a79a-b2873c7895bc,Rebecca Bauer-Kahan,Democratic,16,lower,Rebecca,Bauer-Kahan,Female,assemblymember.bauer-kahan@assembly.ca.gov,,1978-10-28,,https://www.assembly.ca.gov/sites/assembly.ca.gov/files/memberphotos/a16_r_b_kahan.jpg,https://a16.asmdc.org/,https://a16.asmdc.org;https://assembly.ca.gov/assemblymembers;https://ballotpedia.org/Rebecca_Bauer-Kahan;https://en.wikipedia.org/wiki/Rebecca_Bauer-Kahan;https://justfacts.votesmart.org/candidate/biography/180050/rebecca-bauer-kahan;https://www.assembly.ca.gov/assemblymembers;https://www.linkedin.com/in/rebecca-bauer-kahan-27bb7240,,,,"12677 Alcosta Blvd. Suite 395, San Ramon, CA 94583",925-244-1600,,,,,,
ocd-person/86d18985-f35b-4e16-9fcc-663394a156ff,Rhodesia Ransom,Democratic,13,lower,Rhodesia,Ransom,Female,assemblymember.ransom@assembly.ca.gov,,,,https://ca.emergeamerica.org/wp-content/uploads/sites/4/2023/01/Rhodesia-Ransom.jpg,https://a13.asmdc.org/;https://www.assembly.ca.gov/assemblymembers/13,https://a13.asmdc.org;https://ballotpedia.org/Rhodesia_Ransom;https://en.wikipedia.org/wiki/Rhodesia_Ransom;https://www.assembly.ca.gov/assemblymembers/13;https://www.linkedin.com/in/rhodesia-ransom,,,,"4643 Quail Lakes Drive Suite 200, Stockton, CA 95207",209-948-7479,,,,,,
ocd-person/6b7e3458-361f-4fce-8a8c-069282db2af7,Rick Zbur,Democratic,51,lower,Rick,Zbur,Male,assemblymember.zbur@assembly.ca.gov,,1957-03-02,,https://www.assembly.ca.gov/sites/assembly.ca.gov/files/memberphotos/chavez-zbur_510_11-30-22_resized.jpg,https://a51.asmdc.org/,https://a51.asmdc.org;https://a51.asmdc.org/biography;https://ballotpedia.org/Rick_Chavez_Zbur;https://en.wikipedia.org/wiki/Rick_Zbur;https://www.assembly.ca.gov/assemblymembers;https://www.linkedin.com/in/rick-zbur-238489a1;https://www.rickchavezzbur.com/meet-rick,,,,"1445 N. Stanley Ave. Third Floor, Los Angeles, CA 90046",323-436-5184,,,,,,
ocd-person/8b2f37bc-65b7-40ed-af14-5d93cb765a5d,Robert Garcia,Democratic,50,lower,Robert,Garcia,Male,assemblymember.garcia@assembly.ca.gov,,,,https://www.joincalifornia.com/candidate_pic.php?id=15124,https://a50.asmdc.org/;https://www.assembly.ca.gov/assemblymembers/50;https://www.longbeach.gov/mayor/contact/,https://a50.asmdc.org;https://ballotpedia.org/Robert_Garcia_(Etiwanda_School_District);https://justfacts.votesmart.org/candidate/213364/robert-garcia;https://www.assembly.ca.gov/assemblymembers/50;https://www.longbeach.gov/mayor/contact;https://www.longbeach.gov/mayor/contact/,,,,"10390 Commerce Center Drive Suite C-280, Rancho Cucamonga, CA 91730",909-966-5090,,,,,,
ocd-person/68f5ee30-aa70-489b-84b7-6501e6188751,Robert Rivas,Democratic,29,lower,Robert,Rivas,Male,assemblymember.robertrivas@assembly.ca.gov,,1980-01-02,,https://www.assembly.ca.gov/sites/assembly.ca.gov/files/memberphotos/ad-29_rivas_r19_resized.jpg,https://a29.asmdc.org/;https://a30.asmdc.org/;https://speaker.asmdc.org/,https://assembly.ca.gov/assemblymembers;https://ballotpedia.org/Robert_Rivas;https://en.wikipedia.org/wiki/Robert_Rivas_(politician);https://justfacts.votesmart.org/candidate/biography/129744/robert-rivas;https://speaker.asmdc.org;https://www.assembly.ca.gov/assemblymembers;https://www.linkedin.com/in/robert-rivas-8924b141,,,,"60 W. Market St. Suite 110, Salinas, CA 93901",831-759-8676,,,,,,
ocd-person/ee85bc79-20ee-4046-905e-ad797995fa41,Roger Niello,Republican,6,upper,Roger,Niello,Male,senator.niello@senate.ca.gov,,1948-06-02,,https://www.senate.ca.gov/sites/senate.ca.gov/files/senator_photos/niello_roger_r-06.jpg,https://senate.ca.gov/sd06;https://sr06.senate.ca.gov/,https://ballotpedia.org/Roger_Niello;https://en.wikipedia.org/wiki/Roger_Niello;https://justfacts.votesmart.org/candidate/biography/28727/roger-niello;https://sr06.senate.ca.gov;https://www.linkedin.com/in/roger-niello-b50185174;https://www.linkedin.com/in/rogerniello;https://www.senate.ca.gov/senators,,,,"2729 Prospect Park Drive Suite 130, Rancho Cordova, CA 95670",916-464-3980,,,,,,
ocd-person/cb5b9356-6798-44d2-8dc2-caf5651ac4e3,Rosilicie Ochoa Bogh,Republican,19,upper,Rosilicie,Ochoa Bogh,Female,senator.ochoabogh@senate.ca.gov,,1972-06-30,,https://www.senate.ca.gov/sites/senate.ca.gov/files/senator_photos/sd23_ochoa_bogh.jpg,https://senate.ca.gov/sd23;https://sr19.senate.ca.gov/;https://sr23.senate.ca.gov/,https://ballotpedia.org/Rosilicie_Ochoa_Bogh;https://en.wikipedia.org/wiki/Rosilicie_Ochoa_Bogh;https://senate.ca.gov/senators;https://sr19.senate.ca.gov;https://sr23.senate.ca.gov;https://www.linkedin.com/in/rosilicie-bogh-39256344;https://www.senate.ca.gov/senators,,,,"1758 Orange Tree Lane Suite B, Redlands, CA 92374",909-335-0271,,,,,,
ocd-person/61cc77e3-551f-40e6-bb6f-16edd89b04db,Sabrina Cervantes,Democratic,31,upper,Sabrina,Cervantes,Female,senator.cervantes@senate.ca.gov,,1987-10-24,,https://www.assembly.ca.gov/sites/assembly.ca.gov/files/memberphotos/ad60_cervantes_roster150_20161205.jpg,https://a58.asmdc.org/;https://a60.asmdc.org/;https://sd31.senate.ca.gov/,https://a58.asmdc.org;https://assembly.ca.gov/assemblymembers;https://ballotpedia.org/Sabrina_Cervantes;https://en.wikipedia.org/wiki/Sabrina_Cervantes;https://justfacts.votesmart.org/candidate/biography/169409/sabrina-cervantes;https://sabrinacervantes.com/meet-sabrina-cervantes;https://sd31.senate.ca.gov;https://sd31.senate.ca.gov/biography;https://www.assembly.ca.gov/assemblymembers;https://www.linkedin.com/in/sabrina-cervantes-79a84915,,,,"3737 Main St. Suite 104, Riverside, CA 92501",951-680-6750,,,,,,
ocd-person/6d83a613-6815-48c9-bb31-94adb1ee92ea,Sade Elhawary,Democratic,57,lower,Sade,Elhawary,Female,assemblymember.elhawary@assembly.ca.gov,,1987-12-19,,https://s3.amazonaws.com/ballotpedia-api4/files/thumbs/200/300/SadeElhawary2024.jpeg,https://a57.asmdc.org/;https://www.assembly.ca.gov/assemblymembers/57,https://a57.asmdc.org;https://a57.asmdc.org/biography;https://ballotpedia.org/Sade_Elhawary;https://en.wikipedia.org/wiki/Sade_Elhawary;https://www.assembly.ca.gov/assemblymembers/57;https://www.linkedin.com/in/sadeelhawary,,,,"700 Exposition Park Drive, Los Angeles, CA 90037",213-744-2111,,,,,,
ocd-person/aa59bbc8-0f05-4974-a88a-2e805deb26b4,Sasha Pérez,Democratic,25,upper,Sasha,Pérez,Female,senator.perez@senate.ca.gov,,1992-09-16,,https://www.cityofalhambra.org/ImageRepository/Document?documentId=1262,https://sd25.senate.ca.gov/,https://ballotpedia.org/Sasha_Ren%C3%A9e_P%C3%A9rez;https://en.wikipedia.org/wiki/Sasha_Ren%C3%A9e_P%C3%A9rez;https://sd25.senate.ca.gov;https://www.cityofalhambra.org/333/Sasha-Rene-Prez;https://www.linkedin.com/in/sasha-renee-perez-424a96a9,,,,"601 E. Glenoaks Blvd. Suite 210, Glendale, CA 91207",818-409-0402,,,,,,
ocd-person/de84277e-1c23-4036-bd64-b27c310a1c0e,Scott Wiener,Democratic,11,upper,Scott,Wiener,Male,senator.wiener@senate.ca.gov,,1970-05-11,,https://www.senate.ca.gov/sites/senate.ca.gov/files/senator_photos/wiener.jpg,https://sd11.senate.ca.gov/;https://senate.ca.gov/sd11,https://ballotpedia.org/Scott_Wiener;https://en.wikipedia.org/wiki/Scott_Wiener;https://justfacts.votesmart.org/candidate/biography/129655/scott-wiener;https://sd11.senate.ca.gov;https://senate.ca.gov/senators;https://www.linkedin.com/in/scott-wiener-936760;https://www.senate.ca.gov/senators,,,,"455 Golden Gate Ave. Suite 14800, San Francisco, CA 94102",415-557-1300,,,,,,
ocd-person/b4b8e8fb-831b-4cae-9081-b8f75477fcd0,Shannon Grove,Republican,12,upper,Shannon,Grove,Female,senator.grove@senate.ca.gov,,1965-03-18,,https://www.senate.ca.gov/sites/senate.ca.gov/files/senator_photos/grove_hs_0625_lls.jpg,https://senate.ca.gov/sd12;https://senate.ca.gov/sd16;https://sr12.senate.ca.gov/,https://ballotpedia.org/Shannon_Grove;https://en.wikipedia.org/wiki/Shannon_Grove;https://justfacts.votesmart.org/candidate/biography/120204/shannon-grove;https://senate.ca.gov/senators;https://sr12.senate.ca.gov;https://www.linkedin.com/in/shannon-grove-b17b4116;https://www.senate.ca.gov/senators,,,,"5701 Truxtun Ave. Suite 150, Bakersfield, CA 93309",661-323-0443,,,,,,
ocd-person/840aa009-3ae4-4484-b9f0-5c5f5060e7db,Sharon Quirk-Silva,Democratic,67,lower,Sharon,Quirk-Silva,Female,assemblymember.quirk-silva@assembly.ca.gov,,1962-09-17,,https://www.assembly.ca.gov/sites/assembly.ca.gov/files/memberphotos/ad65_quirk-silva_siteportrait.jpg,https://a65.asmdc.org/;https://a67.asmdc.org/,https://a67.asmdc.org;https://assembly.ca.gov/assemblymembers;https://ballotpedia.org/Sharon_Quirk-Silva;https://en.wikipedia.org/wiki/Sharon_Quirk-Silva;https://justfacts.votesmart.org/candidate/biography/71051/sharon-quirk-silva;https://www.assembly.ca.gov/assemblymembers;https://www.linkedin.com/in/sharon-quirk-silva-7a240582,,,,"4 Centerpointe Drive Suite 120, La Palma, CA 90623",714-521-6713,,,,,,
ocd-person/01fddc24-a5ac-40b7-a9e1-80e918fee609,Stan Ellis,Republican,32,lower,Stan,Ellis,Male,assemblymember.ellis@assembly.ca.gov,,1952-07-04,,,https://ad32.asmrc.org/;https://www.assembly.ca.gov/assemblymembers/32,https://ad32.asmrc.org;https://ballotpedia.org/Stan_Ellis;https://en.wikipedia.org/wiki/Stan_Ellis;https://www.assembly.ca.gov/assemblymembers/32,,,,"4550 California Ave. Suite 740, Bakersfield, CA 93309",661-395-2995,,,,,,
ocd-person/62102f53-b531-4290-9699-05a0d7687cae,Stephanie Nguyen,Democratic,10,lower,Stephanie,Nguyen,Female,assemblymember.stephanienguyen@assembly.ca.gov,,1979-04-17,,https://www.assembly.ca.gov/sites/assembly.ca.gov/files/memberphotos/nguyen_515_11-30-22_resized.jpg,https://a10.asmdc.org;https://a10.asmdc.org/,https://a10.asmdc.org;https://a10.asmdc.org/biography;https://ballotpedia.org/Stephanie_Nguyen;https://www.assembly.ca.gov/assemblymembers;https://www.linkedin.com/in/stephanie-nguyen-97a45230;https://www.stephanienguyenforassembly.com/meet-stephanie,,,,"9250 Laguna Springs Drive Suite 220, Elk Grove, CA 95758",916-670-7888,,,,,,
ocd-person/1e0ccfc0-2d57-4e57-8d16-589d07c1bc72,Steve Bennett,Democratic,38,lower,Steve,Bennett,Male,assemblymember.bennett@assembly.ca.gov,,1950-12-31,,https://www.assembly.ca.gov/sites/assembly.ca.gov/files/memberphotos/official_portrait_0.jpg,https://a37.asmdc.org/;https://a38.asmdc.org/,https://a38.asmdc.org;https://assembly.ca.gov/assemblymembers;https://ballotpedia.org/Steve_Bennett;https://en.wikipedia.org/wiki/Steve_Bennett_(California_politician);https://justfacts.votesmart.org/candidate/biography/81822/steve-bennett;https://www.assembly.ca.gov/assemblymembers,,,,"300 E. Esplanade Drive Suite 1790, Oxnard, CA 93036",805-485-4745,,,,,,
ocd-person/eb745b9e-4ced-494a-a298-fdffa9207b0d,Steve Padilla,Democratic,18,upper,Steve,Padilla,Male,senator.padilla@senate.ca.gov,,1967-01-22,,https://www.senate.ca.gov/sites/senate.ca.gov/files/senator_photos/padilla_steve_d-18.jpg,https://sd18.senate.ca.gov/;https://senate.ca.gov/sd18,https://ballotpedia.org/Steve_Padilla;https://en.wikipedia.org/wiki/Steve_Padilla;https://justfacts.votesmart.org/candidate/biography/176708/stephen-padilla;https://sd18.senate.ca.gov;https://sd18.senate.ca.gov/biography;https://www.senate.ca.gov/senators,,,,"82013 Dr. Carreon Blvd. Suite J, Indio, CA 92201",760-398-6442,,,,,,
ocd-person/8b61aa87-d573-47e2-b17b-bd0edd3c8cf2,Steve Choi,Republican,37,upper,Steve,Choi,Male,senator.choi@senate.ca.gov,,1944-01-15,,https://www.assembly.ca.gov/sites/assembly.ca.gov/files/memberphotos/choi.jpg,https://ad68.asmrc.org/;https://sr37.senate.ca.gov/,https://assembly.ca.gov/assemblymembers;https://ballotpedia.org/Steven_S._Choi;https://en.wikipedia.org/wiki/Steven_Choi;https://justfacts.votesmart.org/candidate/biography/70192/steven-choi;https://sr37.senate.ca.gov;https://www.assembly.ca.gov/assemblymembers;https://www.linkedin.com/in/dr-steven-choi-04679b10;https://www.linkedin.com/in/steven-choi-a871aa70,,,,"2151 Michelson Drive Suite 258, Irvine, CA 92612",949-223-5472,,,,,,
ocd-person/cb0f6477-568f-49db-aba3-f88e7bccbefc,Susan Rubio,Democratic,22,upper,Susan,Rubio,Female,senator.rubio@senate.ca.gov,,1970-12-25,,https://www.senate.ca.gov/sites/senate.ca.gov/files/senator_photos/senator_rubio.jpg,https://sd22.senate.ca.gov/;https://senate.ca.gov/sd22,https://ballotpedia.org/Susan_Rubio;https://en.wikipedia.org/wiki/Susan_Rubio;https://justfacts.votesmart.org/candidate/biography/129493/susan-rubio;https://sd22.senate.ca.gov;https://senate.ca.gov/senators;https://www.senate.ca.gov/senators,,,,"1520 N. Mountain Ave. Building E, Suite 201, Ontario, CA 91762",909-460-6064,,,,,,
ocd-person/fb1c2c06-108c-41bf-9f08-44a9f8e0cb08,Suzette Valladares,Republican,23,upper,Suzette,Valladares,Female,senator.valladares@senate.ca.gov,,1980-12-21,,https://www.assembly.ca.gov/sites/assembly.ca.gov/files/memberphotos/arc_new_member_headshots_asm.ca_.gov_120x150px_valladares.jpg,https://a38.asmdc.org/;https://sr23.senate.ca.gov/,https://assembly.ca.gov/assemblymembers;https://ballotpedia.org/Suzette_Martinez_Valladares;https://en.wikipedia.org/wiki/Suzette_Martinez_Valladares;https://justfacts.votesmart.org/candidate/biography/188814/suzette-valladares;https://sr23.senate.ca.gov;https://www.assembly.ca.gov/assemblymembers;https://www.linkedin.com/in/suzette-martinez-valladares-53794a28,,,,"42505 10th St. West Suite 109, Lancaster, CA 93534",661-729-6232,,,,,,
ocd-person/9e69729e-4383-410b-840e-ad4ea0f1ab4a,Tasha Boerner,Democratic,77,lower,Tasha,Boerner,Female,assemblymember.boerner@assembly.ca.gov,,1973-02-01,,https://www.assembly.ca.gov/sites/assembly.ca.gov/files/memberphotos/a76_t_b_horvath.jpg,https://a77.asmdc.org/,https://a77.asmdc.org;https://a77.asmdc.org/biography;https://ballotpedia.org/Tasha_Boerner_Horvath;https://en.wikipedia.org/wiki/Tasha_Boerner_Horvath;https://www.assembly.ca.gov/assemblymembers;https://www.linkedin.com/in/boerner,,,,"505 Lomas Santa Fe Drive Suite 110, Solana Beach, CA 92075",858-481-7704,,,,,,
ocd-person/cecabb81-51ab-46f5-9815-cc3486da0632,Tom Umberg,Democratic,34,upper,Tom,Umberg,Male,senator.umberg@senate.ca.gov,,1955-09-25,,https://www.senate.ca.gov/sites/senate.ca.gov/files/senator_photos/senator_umberg.jpg,https://sd34.senate.ca.gov/;https://senate.ca.gov/sd34,https://ballotpedia.org/Tom_Umberg;https://en.wikipedia.org/wiki/Tom_Umberg;https://justfacts.votesmart.org/candidate/biography/29299/thomas-umberg;https://sd34.senate.ca.gov;https://senate.ca.gov/senators;https://www.linkedin.com/in/thomas-u-9152078a;https://www.senate.ca.gov/senators,,,,"1000 E. Santa Ana Blvd. Suite 220B, Santa Ana, CA 92701",714-558-3785,,,,,,
ocd-person/972cffb0-32a6-4cef-8a0f-a8cd901395b0,Tim Grayson,Democratic,9,upper,Tim,Grayson,Male,senator.grayson@senate.ca.gov,,1967-09-17,,https://www.assembly.ca.gov/sites/assembly.ca.gov/files/memberphotos/ad14_header.jpg,https://a14.asmdc.org;https://a15.asmdc.org;https://a15.asmdc.org/;https://sd09.senate.ca.gov/,https://a15.asmdc.org;https://assembly.ca.gov/assemblymembers;https://ballotpedia.org/Tim_Grayson;https://en.wikipedia.org/wiki/Tim_Grayson;https://justfacts.votesmart.org/candidate/biography/129519/tim-grayson;https://sd09.senate.ca.gov;https://www.assembly.ca.gov/assemblymembers,,,,"51 Moraga Way Suite 2, Orinda, CA 94563",925-258-1176,,,,,,
ocd-person/1aa5dff4-3d71-4642-a5e6-e3d00a5b99f9,Tina McKinnor,Democratic,61,lower,Tina,McKinnor,Female,assemblymember.mckinnor@assembly.ca.gov,,1964-09-30,,https://www.assembly.ca.gov/sites/assembly.ca.gov/files/memberphotos/mckinnon_portrait_web.jpg,https://a61.asmdc.org/;https://a62.asmdc.org/,https://a61.asmdc.org;https://a61.asmdc.org/biography;https://ballotpedia.org/Tina_McKinnor;https://en.wikipedia.org/wiki/Tina_McKinnor;https://justfacts.votesmart.org/candidate/biography/205324/tina-mckinnor;https://www.assembly.ca.gov/assemblymembers;https://www.linkedin.com/in/tina-mckinnor-67abb621,,,,"One Manchester Blvd. Suite 601, Inglewood, CA 90301",310-412-6400,,,,,,
ocd-person/a8879d70-713c-4d0c-b723-77d0e96c18df,Tom Lackey,Republican,34,lower,Tom,Lackey,Male,assemblymember.lackey@assembly.ca.gov,,1959-03-12,,https://www.assembly.ca.gov/sites/assembly.ca.gov/files/memberphotos/lackey.png,https://ad34.asmrc.org/;https://ad36.asmrc.org/,https://ad34.asmrc.org;https://ad34.asmrc.org/biography;https://assembly.ca.gov/assemblymembers;https://ballotpedia.org/Tom_Lackey;https://en.wikipedia.org/wiki/Tom_Lackey;https://justfacts.votesmart.org/candidate/biography/71099/tom-lackey;https://www.assembly.ca.gov/assemblymembers;https://www.linkedin.com/in/tom-lackey-85a9a365,,,,"41301 W. 12th St. Suite F, Palmdale, CA 93551",661-267-7636,,,,,,
ocd-person/3dae8bef-7fb2-40a0-afee-78d79212521b,Tony Strickland,Republican,36,upper,Tony,Strickland,Male,senator.strickland@senate.ca.gov,,1970-02-17,,http://votesmart.org/canphoto/16765.jpg,https://cssrc.us/web/19/;https://sr36.senate.ca.gov/,https://ballotpedia.org/Tony_Strickland;https://en.wikipedia.org/wiki/Tony_Strickland;https://justfacts.votesmart.org/candidate/biography/16765/tony-strickland;https://senate.ca.gov/senators;https://sr36.senate.ca.gov;https://www.linkedin.com/in/tony-strickland-8720616,,,,"301 Main St. Suite 212, Huntington Beach, CA 92648",714-374-4000,,,,,,
ocd-person/75229920-399d-4216-9b76-c27ea398665a,Tri Ta,Republican,70,lower,Tri,Ta,Male,assemblymember.ta@assembly.ca.gov,,1973-04-10,,https://www.assembly.ca.gov/sites/assembly.ca.gov/files/memberphotos/tri_ta_a25i1353_resized.png,https://ad70.asmrc.org;https://ad70.asmrc.org/;https://www.ci.westminster.ca.us/,https://ad70.asmrc.org;https://ad70.asmrc.org/biography;https://ballotpedia.org/Tri_Ta;https://en.wikipedia.org/wiki/Tri_Ta;https://www.assembly.ca.gov/assemblymembers;https://www.ci.westminster.ca.us;https://www.ci.westminster.ca.us/,,,,"14361 Beach Blvd. Suite 211, Westminster, CA 92683",714-379-0970,,,,,,
